<?xml version="1.0" encoding="UTF-8"?>
<GenRun Id="synth_1" LaunchPart="xc7a35tcpg236-1" LaunchTime="1510344442">
  <File Type="RDS-PROPCONSTRS" Name="CLA_4bits_drc_synth.rpt"/>
  <File Type="PA-TCL" Name="CLA_4bits.tcl"/>
  <File Type="RDS-RDS" Name="CLA_4bits.vds"/>
  <File Type="RDS-UTIL" Name="CLA_4bits_utilization_synth.rpt"/>
  <File Type="RDS-UTIL-PB" Name="CLA_4bits_utilization_synth.pb"/>
  <File Type="RDS-DCP" Name="CLA_4bits.dcp"/>
  <File Type="VDS-TIMINGSUMMARY" Name="CLA_4bits_timing_summary_synth.rpt"/>
  <File Type="VDS-TIMING-PB" Name="CLA_4bits_timing_summary_synth.pb"/>
  <FileSet Name="sources" Type="DesignSrcs" RelSrcDir="$PSRCDIR/sources_1">
    <Filter Type="Srcs"/>
    <File Path="$PSRCDIR/sources_1/imports/new/register_logic.v">
      <FileInfo>
        <Attr Name="ImportPath" Val="$PPRDIR/../lab5.1/lab5.1.srcs/sources_1/new/register_logic.v"/>
        <Attr Name="ImportTime" Val="1510180732"/>
        <Attr Name="UsedIn" Val="synthesis"/>
        <Attr Name="UsedIn" Val="implementation"/>
        <Attr Name="UsedIn" Val="simulation"/>
      </FileInfo>
    </File>
    <File Path="$PSRCDIR/sources_1/new/CLA_4bits.v">
      <FileInfo>
        <Attr Name="UsedIn" Val="synthesis"/>
        <Attr Name="UsedIn" Val="implementation"/>
        <Attr Name="UsedIn" Val="simulation"/>
      </FileInfo>
    </File>
    <Config>
      <Option Name="DesignMode" Val="RTL"/>
      <Option Name="TopModule" Val="CLA_4bits"/>
      <Option Name="TopAutoSet" Val="TRUE"/>
    </Config>
  </FileSet>
  <FileSet Name="constrs_in" Type="Constrs" RelSrcDir="$PSRCDIR/constrs_1">
    <Filter Type="Constrs"/>
    <File Path="$PSRCDIR/constrs_1/new/const2.xdc">
      <FileInfo>
        <Attr Name="UsedIn" Val="synthesis"/>
        <Attr Name="UsedIn" Val="implementation"/>
      </FileInfo>
    </File>
    <Config>
      <Option Name="ConstrsType" Val="XDC"/>
    </Config>
  </FileSet>
  <Strategy Version="1" Minor="2">
    <StratHandle Name="Vivado Synthesis Defaults" Flow="Vivado Synthesis 2017"/>
    <Step Id="synth_design"/>
  </Strategy>
</GenRun>
